,TEAM,OARS,TRAINABLE_WEIGHTS,MIN/PAT,EVAL,LHS,FINAL
0,MCINTOSH,22,16320186,0.2063,4.53,1.877233982,6.407233982
1,CONVSOLN,34,19203528,0.0217,0.245,2.40963867,2.65463867
2,FIGHTTUMOR,34,30811584,2.48,12.65,0.666981922,13.31698192
3,UNETFTW,34,30812384,4.097,2.68,0.555502026,3.235502026