,TEAM,OARS,TRAINABLE_WEIGHTS,MIN/PAT,EVAL_34,EVAL_22,LHS,FINAL_34,FINAL_22
0,MCINTOSH,22,16320186,0.2063,N/A,4.53,1.877233982,N/A,6.407233982
1,CONVSOLN,34,19203528,0.0217,0.245,0.128209872,2.40963867,2.65463867,2.537848542
2,FIGHTTUMOR,34,30811584,2.48,12.65,10.05882998,0.666981922,13.31698192,10.7258119
3,UNETFTW,34,30812384,4.097,2.68,1.858619883,0.555502026,3.235502026,2.414121908